{
   "background_app":{
      "type":"image",
      "disty":-0.5,
      "y":0,
      "width":1,
      "texturename":"background_app",
      "height":1.7777777777777777,
      "index":0,
      "distx":-0.5,
      "x":0
   },
   "karamelle_big":{
      "type":"image",
      "disty":0.216015625,
      "y":0.716015625,
      "width":0.7666666666666667,
      "texturename":"karamelle_big",
      "height":0.7666666666666667,
      "index":1,
      "distx":-0.020833333333333332,
      "x":0.4791666666666667
   },
   "miaow":{
      "type":"image",
      "disty":-0.35625,
      "y":0.14375,
      "width":0.4236111111111111,
      "texturename":"miaow",
      "height":0.1527777777777778,
      "index":4,
      "distx":-0.00625,
      "x":0.49375
   },
   "rulette_shop":{
      "type":"image",
      "disty":-0.2017578125,
      "y":0.2982421875,
      "width":1.0631944444444446,
      "texturename":"rulette_shop",
      "height":1.0631944444444446,
      "index":2,
      "distx":0.0045138888888888885,
      "x":0.5045138888888889
   },
   "text_featherstext":{
      "type":"text",
      "disty":-0.20082031250000001,
      "y":0.2991796875,
      "width":0.7676736111111111,
      "texturename":"text_featherstext",
      "height":0.29909722222222224,
      "index":5,
      "distx":0,
      "x":0.5
   },
   "aboutbtn_feathersbutton":{
      "type":"button",
      "disty":0.411328125,
      "y":0.911328125,
      "width":0.7180555555555556,
      "texturename":"aboutbtn_feathersbutton",
      "height":0.125,
      "index":3,
      "distx":0.001388888888888889,
      "x":0.5013888888888889
   }
}