{
   "whitedot1":{
      "ownWidth":22.5,
      "y":0.7460992907801418,
      "ownHeight":22.5,
      "width":0.045454545454545456,
      "baseWidth":495,
      "height":0.3191489361702128,
      "baseHeight":70.5,
      "texturename":"whitedot1",
      "x":0.9716161616161616
   },
   "whitedot2":{
      "ownWidth":22.5,
      "y":0.249645390070922,
      "ownHeight":23.05,
      "width":0.045454545454545456,
      "baseWidth":495,
      "height":0.3269503546099291,
      "baseHeight":70.5,
      "texturename":"whitedot2",
      "x":0.9716161616161616
   },
   "actualarea":{
      "ownWidth":495,
      "y":0,
      "ownHeight":70.5,
      "width":1,
      "baseWidth":495,
      "height":1,
      "baseHeight":70.5,
      "texturename":"actualarea",
      "x":0
   },
   "snippetBg":{
      "ownWidth":457.5,
      "y":0,
      "ownHeight":62.7,
      "width":1,
      "baseWidth":457.5,
      "height":1,
      "baseHeight":62.7,
      "texturename":"snippetBg",
      "x":0
   },
   "bg":{
      "ownWidth":495,
      "y":0,
      "ownHeight":70.5,
      "width":1,
      "baseWidth":495,
      "height":1,
      "baseHeight":70.5,
      "texturename":"bg",
      "x":0
   },
   "snippetText":{
      "ownWidth":307.55,
      "y":0.08054226475279107,
      "ownHeight":52.35,
      "width":0.6722404371584699,
      "baseWidth":457.5,
      "height":0.8349282296650717,
      "baseHeight":62.7,
      "texturename":"snippetText",
      "x":0.014316939890710383
   },
   "priceText":{
      "ownWidth":132.55,
      "y":0.08054226475279107,
      "ownHeight":52.35,
      "width":0.28972677595628415,
      "baseWidth":457.5,
      "height":0.8349282296650717,
      "baseHeight":62.7,
      "texturename":"priceText",
      "x":0.6962841530054645
   },
   "jotComponent":{
      "ownWidth":457.5,
      "y":0,
      "ownHeight":307.5,
      "width":0.9242424242424242,
      "baseWidth":495,
      "height":4.361702127659575,
      "baseHeight":70.5,
      "texturename":"jotComponent",
      "x":0.07888888888888888
   },
   "jotBg":{
      "ownWidth":457.5,
      "y":0,
      "ownHeight":307.5,
      "width":1,
      "baseWidth":457.5,
      "height":1,
      "baseHeight":307.5,
      "texturename":"jotBg",
      "x":0
   },
   "snippetComponent":{
      "ownWidth":457.5,
      "y":0,
      "ownHeight":62.7,
      "width":0.9242424242424242,
      "baseWidth":495,
      "height":0.8893617021276596,
      "baseHeight":70.5,
      "texturename":"snippetComponent",
      "x":0.07888888888888888
   },
   "jotText":{
      "ownWidth":445.15,
      "y":0.023577235772357725,
      "ownHeight":293.15,
      "width":0.9730054644808742,
      "baseWidth":457.5,
      "height":0.9533333333333333,
      "baseHeight":307.5,
      "texturename":"jotText",
      "x":0.013005464480874317
   },
   "textarea":{
      "ownWidth":455.35,
      "y":0.11702127659574468,
      "ownHeight":55,
      "width":0.91989898989899,
      "baseWidth":495,
      "height":0.7801418439716312,
      "baseHeight":70.5,
      "texturename":"textarea",
      "x":0.024242424242424242
   },
   "textareapricetray":{
      "ownWidth":110.35,
      "y":0.1276595744680851,
      "ownHeight":55,
      "width":0.22292929292929292,
      "baseWidth":495,
      "height":0.7801418439716312,
      "baseHeight":70.5,
      "texturename":"textareapricetray",
      "x":0.7203030303030303
   },
   "textareashorten":{
      "ownWidth":336.2,
      "y":0.12978723404255318,
      "ownHeight":55,
      "width":0.6791919191919191,
      "baseWidth":495,
      "height":0.7801418439716312,
      "baseHeight":70.5,
      "texturename":"textareashorten",
      "x":0.02515151515151515
   }
}