{
   "slogan2":{
      "texturename":"slogan2",
      "x":0.49920138888888893,
      "width":0.5763888888888888,
      "type":"image",
      "y":0.26056640625,
      "height":0.3125,
      "index":2,
      "distx":-0.0007986111111110953,
      "disty":-0.23943359375
   },
   "logo_i":{
      "texturename":"logo_i",
      "x":0.66875,
      "width":0.13194444444444445,
      "type":"image",
      "y":0.1052734375,
      "height":0.29097222222222224,
      "index":4,
      "distx":0.16875,
      "disty":-0.3947265625
   },
   "logo_company":{
      "texturename":"logo_company",
      "x":0.49930555555555556,
      "width":1,
      "type":"image",
      "y":0.9015625,
      "height":0.36666666666666664,
      "index":7,
      "distx":-0.0006944444444444445,
      "disty":0.4015625
   },
   "rulette":{
      "texturename":"rulette",
      "x":0.5079861111111111,
      "width":1.0631944444444446,
      "type":"image",
      "y":0.6017578125,
      "height":1.0631944444444446,
      "index":6,
      "distx":0.00798611111111111,
      "disty":0.1017578125
   },
   "logo_e":{
      "texturename":"logo_e",
      "x":0.7847222222222222,
      "width":0.22777777777777777,
      "type":"image",
      "y":0.1048828125,
      "height":0.29097222222222224,
      "index":5,
      "distx":0.2847222222222222,
      "disty":-0.3951171875
   },
   "background_app":{
      "texturename":"background_app",
      "x":0,
      "width":1,
      "type":"image",
      "y":0,
      "height":1.7777777777777777,
      "index":0,
      "distx":-0.5,
      "disty":-0.5
   },
   "adjuster1":{
      "distance":0.42471561530506724,
      "name":"adjuster1"
   },
   "adjuster2":{
      "distance":0.34647302904564314,
      "name":"adjuster2"
   },
   "slogan1":{
      "texturename":"slogan1",
      "x":0.49920138888888893,
      "width":0.5763888888888888,
      "type":"image",
      "y":0.26056640625,
      "height":0.3125,
      "index":1,
      "distx":-0.0007986111111110953,
      "disty":-0.23943359375
   },
   "logo_gen":{
      "texturename":"logo_gen",
      "x":0.3835416666666666,
      "width":0.5701388888888889,
      "type":"image",
      "y":0.1052734375,
      "height":0.29097222222222224,
      "index":3,
      "distx":-0.11645833333333336,
      "disty":-0.3947265625
   },
   "eyeball":{
      "texturename":"eyeball",
      "x":0.6708680555555555,
      "width":0.049305555555555554,
      "type":"image",
      "y":0.0390625,
      "height":0.049305555555555554,
      "index":8,
      "distx":0.17086805555555554,
      "disty":-0.4609375
   }
}