{
   "about":{
      "type":"image",
      "y":0,
      "width":1,
      "height":1.7777777777777777,
      "label":"none",
      "distx":-0.5,
      "texturename":"about",
      "index":0,
      "disty":-0.5,
      "x":0
   },
   "_1":{
      "type":"text",
      "y":0.4427864583333333,
      "width":0.2926851851851852,
      "height":0.3501388888888889,
      "label":"\r",
      "distx":0.15759259259259265,
      "texturename":"_1",
      "index":1,
      "disty":-0.05721354166666668,
      "x":0.6575925925925926
   }
}