{
   "adjuster1":{
      "distance":0.405894519131334,
      "name":"adjuster1"
   },
   "logo_ic":{
      "index":3,
      "x":0.4890972222222222,
      "width":0.6152777777777778,
      "y":0.3735546875,
      "height":0.22013888888888888,
      "distx":-0.01090277777777781,
      "type":"image",
      "texturename":"logo_ic",
      "disty":-0.12644531250000002
   },
   "background_app":{
      "index":0,
      "x":0,
      "width":1,
      "y":0,
      "height":1.7777777777777777,
      "distx":-0.5,
      "type":"image",
      "texturename":"background_app",
      "disty":-0.5
   },
   "rightguide":{
      "index":11,
      "x":0.47028086218158066,
      "width":0.41802743305029394,
      "y":0.6727629000653168,
      "height":0.38677335075114305,
      "distx":0,
      "type":"guide",
      "texturename":"rightguide",
      "disty":-0.09765625
   },
   "eyecon_logo":{
      "index":7,
      "x":0.6660069444444444,
      "width":0.049305555555555554,
      "y":0.03609375,
      "height":0.049305555555555554,
      "distx":0.16600694444444442,
      "type":"image",
      "texturename":"eyecon_logo",
      "disty":-0.46390624999999996
   },
   "rulette":{
      "index":8,
      "x":0.5,
      "width":1.0631944444444446,
      "y":0.59142578125,
      "height":1.0631944444444446,
      "distx":0,
      "type":"image",
      "texturename":"rulette",
      "disty":0.2142578125
   },
   "leftguide":{
      "index":10,
      "x":0.05225342913128674,
      "width":0.41802743305029394,
      "y":0.6531678641410843,
      "height":0.38677335075114305,
      "distx":-0.4444444444444444,
      "type":"guide",
      "texturename":"leftguide",
      "disty":-0.109375
   },
   "slogan1":{
      "index":1,
      "x":0.5071875,
      "width":0.5763888888888888,
      "y":0.25236328124999996,
      "height":0.3125,
      "distx":0.007187500000000016,
      "type":"image",
      "texturename":"slogan1",
      "disty":-0.24763671875
   },
   "logo_e":{
      "index":4,
      "x":0.7718402777777779,
      "width":0.20277777777777778,
      "y":0.094296875,
      "height":0.29097222222222224,
      "distx":0.2718402777777778,
      "type":"image",
      "texturename":"logo_e",
      "disty":-0.40570312499999994
   },
   "slogan2":{
      "index":2,
      "x":0.5071875,
      "width":0.5763888888888888,
      "y":0.25236328124999996,
      "height":0.3125,
      "distx":0.007187500000000016,
      "type":"image",
      "texturename":"slogan2",
      "disty":-0.24763671875
   },
   "logo_gen":{
      "index":5,
      "x":0.3934375,
      "width":0.5395833333333333,
      "y":0.094296875,
      "height":0.29097222222222224,
      "distx":-0.10656250000000003,
      "type":"image",
      "texturename":"logo_gen",
      "disty":-0.40570312499999994
   },
   "adjuster2":{
      "distance":0.3161825726141081,
      "name":"adjuster2"
   },
   "text_active_component":{
      "index":9,
      "x":0.5131944444444444,
      "width":0.9347222222222222,
      "y":0.05625,
      "height":0.08333333333333333,
      "distx":0.013194444444444444,
      "type":"component",
      "texturename":"text_active_component",
      "disty":-0.44375
   },
   "logo_i":{
      "texturename":"logo_i",
      "x":0.66875,
      "width":0.13194444444444445,
      "type":"image",
      "y":0.1052734375,
      "height":0.29097222222222224,
      "index":4,
      "distx":0.16875,
      "disty":-0.3947265625
   },
   
   "ic_logo":{
      "texturename":"ic_logo",
      "x":0.49930555555555556,
      "width":1,
      "type":"image",
      "y":0.9015625,
      "height":0.36666666666666664,
      "index":7,
      "distx":-0.0006944444444444445,
      "disty":0.4015625
   }
}