{"shop2":{"buy_pix":{"type":"image","disty":-0.177734375,"y":0.322265625,"width":0.6875,"texturename":"buy_pix","height":0.7097222222222223,"index":1,"distx":-0.18055555555555555,"x":0.3194444444444444},"buy_subtabs":{"type":"image","disty":0.1369140625,"y":0.6369140625,"width":0.6777777777777778,"texturename":"buy_subtabs","height":0.4826388888888889,"index":3,"distx":-0.14097222222222222,"x":0.3590277777777778},"buy_tally":{"type":"image","disty":-0.1392578125,"y":0.3607421875,"width":0.45902777777777776,"texturename":"buy_tally","height":0.8576388888888888,"index":2,"distx":0.2677083333333333,"x":0.7677083333333333},"background_app":{"type":"image","disty":0,"y":0.5,"width":1,"texturename":"background_app","height":1.7777777777777777,"index":0,"distx":0,"x":0.5}},"shop3":{"buttonhepta_feathersbutton":{"type":"button","disty":0.046347656250000036,"y":0.54634765625,"width":0.7180555555555556,"texturename":"buttonhepta_feathersbutton","height":0.125,"index":3,"distx":0.001944444444444413,"x":0.5019444444444444},"buttonpenta_feathersbutton":{"type":"button","disty":-0.13337890625,"y":0.36662109374999996,"width":0.7180555555555556,"texturename":"buttonpenta_feathersbutton","height":0.125,"index":4,"distx":0.001944444444444413,"x":0.5019444444444444},"buy_upgrade":{"type":"image","disty":-0.1390625,"y":0.3609375,"width":0.7722222222222223,"texturename":"buy_upgrade","height":1.2513888888888889,"index":1,"distx":-0.001388888888888889,"x":0.4986111111111111},"buttoninfi_feathersbutton":{"type":"button","disty":0.22921874999999997,"y":0.72921875,"width":0.7180555555555556,"texturename":"buttoninfi_feathersbutton","height":0.125,"index":2,"distx":0.001944444444444413,"x":0.5019444444444444},"background_app":{"type":"image","disty":-0.5,"y":0,"width":1,"texturename":"background_app","height":1.7777777777777777,"index":0,"distx":-0.5,"x":0}},"shop1":{"buy_slices":{"type":"image","disty":-0.11015625,"y":0.38984375,"width":0.7013888888888888,"texturename":"buy_slices","height":0.9722222222222222,"index":1,"distx":-0.11041666666666666,"x":0.38958333333333334},"buy_trays":{"type":"image","disty":0.0166015625,"y":0.5166015625,"width":0.43680555555555556,"texturename":"buy_trays","height":1.4131944444444444,"index":2,"distx":0.27534722222222224,"x":0.7753472222222222},"background_app":{"type":"image","disty":-0.5,"y":0,"width":1,"texturename":"background_app","height":1.7777777777777777,"index":0,"distx":-0.5,"x":0}}}
